value;language
Kei Nishikori;en
Milos Raonic;en
Stanislas Wawrinka;en
Rafael Nadal;en
Dominic Thiem;en
Jordan Thompson;en
Kyle Edmund;en
Diego Sebastian Schwartzman;en
Mischa Zverev;en
Samuel Groth;en
Nicolas Mahut;en
David Ferrer;en
Jared Donaldson;en
Lucas Pouille;en
Viktor Troicki;en
Sam Querrey;en
Alex De Minaur;en
Alexandr Dolgopolov;en
Pierre Hugues Herbert;en
Stephane Robert;en
Steve Johnson;en
Bernard Tomic;en
Elias Ymer;en
Gilles Muller;en
Gilles Simon;en
Ernesto Escobedo;en
Yoshihito Nishioka;en
Daniil Medvedev;en
Dudi Sela;en
Benoit Paire;en
Jozef Kovalik;en
Albert Ramos;en
Aljaz Bedene;en
Mikhail Youzhny;en
Marin Cilic;en
Yen Hsun Lu;en
Steve Darcis;en
Hyeon Chung;en
Yuki Bhambri;en
Martin Klizan;en
Renzo Olivo;en
Rogerio Dutra Silva;en
Gastao Elias;en
Thiago Monteiro;en
Radu Albot;en
Nikola Mektic;en
Damir Dzumhur;en
Borna Coric;en
Konstantin Kravchuk;en
Ramkumar Ramanathan;en
Guillermo Garcia Lopez;en
Saketh Myneni;en
Casper Ruud;en
Dusan Lajovic;en
Andy Murray;en
Tomas Berdych;en
Fernando Verdasco;en
Nicolas Almagro;en
Jo Wilfried Tsonga;en
Ivo Karlovic;en
Radek Stepanek;en
Gerald Melzer;en
Philipp Kohlschreiber;en
Jiri Vesely;en
Dustin Brown;en
Karen Khachanov;en
David Goffin;en
Arthur De Greef;en
Horacio Zeballos;en
Jeremy Chardy;en
Paul Henri Mathieu;en
Paolo Lorenzi;en
Malek Jaziri;en
Alessandro Giannessi;en
Anil Yuksel;en
Facundo Bagnis;en
Andrey Kuznetsov;en
Illya Marchenko;en
Mubarak Al Harrasi;en
Vasek Pospisil;en
Robin Haase;en
Marcos Baghdatis;en
Mohamed Safwat;en
Florian Mayer;en
Jan Lennard Struff;en
Joao Sousa;en
John Isner;en
Jose Rubin Statham;en
Brydan Klein;en
Feliciano Lopez;en
Ryan Harrison;en
Michael Mmoh;en
Adrian Mannarino;en
Finn Tearney;en
Michael Venus;en
Artem Sitak;en
Daniel Evans;en
Pablo Carreno Busta;en
Pablo Cuevas;en
Marcel Granollers;en
Matthew Barton;en
Christopher Oconnell;en
Santiago Giraldo;en
Fabio Fognini;en
Nikoloz Basilashvili;en
Thomaz Bellucci;en
Quentin Halys;en
Go Soeda;en
Luca Vanni;en
Bjorn Fratangelo;en
Jurgen Melzer;en
Federico Delbonis;en
James Duckworth;en
Jerzy Janowicz;en
Thomas Fabbiano;en
Mikhail Kukushkin;en
Guido Pella;en
Alex Bolt;en
Omar Jasika;en
Taylor Harry Fritz;en
Tommy Haas;en
Adam Pavlasek;en
Dmitry Tursunov;en
Reilly Opelka;en
Blake Mott;en
Peter Polansky;en
Ivan Dodig;en
Andrey Rublev;en
Alexander Bublik;en
Noah Rubin;en
Nick Kyrgios;en
Victor Estrella;en
Donald Young;en
Francis Tiafoe;en
Andrew Whittington;en
Carlos Berlocq;en
Novak Djokovic;en
Lukas Lacko;en
Jack Sock;en
Alexander Zverev;en
Richard Gasquet;en
Andreas Seppi;en
Gael Monfils;en
Roberto Bautista Agut;en
Denis Istomin;en
Grigor Dimitrov;en
